значение показателя за год;;;;;;;;;;;;
;2006;2007;2008;2009;2010;2011;2012;2013;2014;2015;2016;2017
Муниципальный район Вуктыл (до 1 января 2017 года);;;;;;;;;;;;
Муниципальный район Вуктыл (до 1 января 2017 года);;;;;;;;;;;;
Численность обучающихся в общеобразовательных организациях с учетом обособленных подразделений (филиалов), человек;;;;;;;;;;;;
Муниципальный район;;;;;;;;;;;;
;2165;1991;1862;1757;;1685;1654;1552;1534;1533;1550;
Вуктыл (до 1 января 2017 года);;;;;;;;;;;;
Численность обучающихся в общеобразовательных организациях с учетом обособленных подразделений (филиалов), человек;;;;;;;;;;;;
Городское поселение;;;;;;;;;;;;
;1811;1664;1591;1526;1506;1512;1499;1420;1412;1420;1442;
Дутово (до 1 января 2017 года);;;;;;;;;;;;
Численность обучающихся в общеобразовательных организациях с учетом обособленных подразделений (филиалов), человек;;;;;;;;;;;;
Сельское поселение;;;;;;;;;;;;
;187;177;144;122;110;93;85;72;65;62;59;
Лемтыбож (до 1 января 2017 года);;;;;;;;;;;;
Численность обучающихся в общеобразовательных организациях с учетом обособленных подразделений (филиалов), человек;;;;;;;;;;;;
Сельское поселение;;;;;;;;;;;;
;27;21;18;;;;;;;;;
Подчерье (до 1 января 2017 года);;;;;;;;;;;;
Численность обучающихся в общеобразовательных организациях с учетом обособленных подразделений (филиалов), человек;;;;;;;;;;;;
Сельское поселение;;;;;;;;;;;;
;111;107;96;97;90;80;70;60;55;51;49;
Усть-Соплеск (до 1 января 2017 года);;;;;;;;;;;;
Численность обучающихся в общеобразовательных организациях с учетом обособленных подразделений (филиалов), человек;;;;;;;;;;;;
Сельское поселение;;;;;;;;;;;;
;29;22;13;12;12;;;;;;;
Муниципальный район Ижемский;;;;;;;;;;;;
Муниципальный район Ижемский;;;;;;;;;;;;
Численность обучающихся в общеобразовательных организациях с учетом обособленных подразделений (филиалов), человек;;;;;;;;;;;;
Муниципальный район;;;;;;;;;;;;
;;2827;2666;2477;2397;2270;2222;2151;2142;2209;2261;2305
Брыкаланск;;;;;;;;;;;;
Численность обучающихся в общеобразовательных организациях с учетом обособленных подразделений (филиалов), человек;;;;;;;;;;;;
Сельское поселение;;;;;;;;;;;;
;208;174;157;133;129;109;101;84;80;82;88;88
Ижма;;;;;;;;;;;;
Численность обучающихся в общеобразовательных организациях с учетом обособленных подразделений (филиалов), человек;;;;;;;;;;;;
Сельское поселение;;;;;;;;;;;;
;673;659;648;633;630;641;657;566;598;620;633;643
Том;;;;;;;;;;;;
Численность обучающихся в общеобразовательных организациях с учетом обособленных подразделений (филиалов), человек;;;;;;;;;;;;
Сельское поселение;;;;;;;;;;;;
;239;214;193;188;181;177;172;214;164;143;133;122
Кельчиюр;;;;;;;;;;;;
Численность обучающихся в общеобразовательных организациях с учетом обособленных подразделений (филиалов), человек;;;;;;;;;;;;
Сельское поселение;;;;;;;;;;;;
;265;228;202;184;185;186;165;164;159;159;178;183
Кипиево;;;;;;;;;;;;
Численность обучающихся в общеобразовательных организациях с учетом обособленных подразделений (филиалов), человек;;;;;;;;;;;;
Сельское поселение;;;;;;;;;;;;
;170;158;160;142;135;113;94;98;96;96;90;88
Краснобор;;;;;;;;;;;;
Численность обучающихся в общеобразовательных организациях с учетом обособленных подразделений (филиалов), человек;;;;;;;;;;;;
Сельское поселение;;;;;;;;;;;;
;362;321;264;246;235;219;210;222;226;233;242;255
Мохча;;;;;;;;;;;;
Численность обучающихся в общеобразовательных организациях с учетом обособленных подразделений (филиалов), человек;;;;;;;;;;;;
Сельское поселение;;;;;;;;;;;;
;345;335;288;252;243;211;202;194;190;202;206;222
Няшабож;;;;;;;;;;;;
Численность обучающихся в общеобразовательных организациях с учетом обособленных подразделений (филиалов), человек;;;;;;;;;;;;
Сельское поселение;;;;;;;;;;;;
;132;;96;80;66;59;54;54;59;60;60;66
Сизябск;;;;;;;;;;;;
Численность обучающихся в общеобразовательных организациях с учетом обособленных подразделений (филиалов), человек;;;;;;;;;;;;
Сельское поселение;;;;;;;;;;;;
;323;308;269;249;248;234;248;244;250;261;280;288
Щельяюр;;;;;;;;;;;;
Численность обучающихся в общеобразовательных организациях с учетом обособленных подразделений (филиалов), человек;;;;;;;;;;;;
Сельское поселение;;;;;;;;;;;;
;429;715;389;370;345;321;319;309;320;346;351;350
Муниципальный район Княжпогостский;;;;;;;;;;;;
Муниципальный район Княжпогостский (до 1 января 2025 года);;;;;;;;;;;;
Численность обучающихся в общеобразовательных организациях с учетом обособленных подразделений (филиалов), человек;;;;;;;;;;;;
Муниципальный район;;;;;;;;;;;;
;2771;2558;2425;2272;2156;2198;2125;2013;2013;1919;1911;1919
Емва;;;;;;;;;;;;
Численность обучающихся в общеобразовательных организациях с учетом обособленных подразделений (филиалов), человек;;;;;;;;;;;;
Городское поселение;;;;;;;;;;;;
;1807;1688;1599;1500;1599;1599;1599;1527;1513;1500;1500;1500
Синдор;;;;;;;;;;;;
Численность обучающихся в общеобразовательных организациях с учетом обособленных подразделений (филиалов), человек;;;;;;;;;;;;
Городское поселение;;;;;;;;;;;;
;331;291;291;291;250;325;325;325;325;226;325;325
Ветью (до 1 января 2018г);;;;;;;;;;;;
Численность обучающихся в общеобразовательных организациях с учетом обособленных подразделений (филиалов), человек;;;;;;;;;;;;
Сельское поселение;;;;;;;;;;;;
;24;22;20;;;;;;;;;
Вожаёль (до 1 января 2013 года);;;;;;;;;;;;
Численность обучающихся в общеобразовательных организациях с учетом обособленных подразделений (филиалов), человек;;;;;;;;;;;;
Сельское поселение;;;;;;;;;;;;
;66;54;51;42;45;43;32;;;;;
Иоссер;;;;;;;;;;;;
Численность обучающихся в общеобразовательных организациях с учетом обособленных подразделений (филиалов), человек;;;;;;;;;;;;
Сельское поселение;;;;;;;;;;;;
;68;62;51;48;33;30;30;30;30;12;10;9
Мещура;;;;;;;;;;;;
Численность обучающихся в общеобразовательных организациях с учетом обособленных подразделений (филиалов), человек;;;;;;;;;;;;
Сельское поселение;;;;;;;;;;;;
;54;55;52;48;38;43;40;35;30;30;22;15
Серёгово;;;;;;;;;;;;
Численность обучающихся в общеобразовательных организациях с учетом обособленных подразделений (филиалов), человек;;;;;;;;;;;;
Сельское поселение;;;;;;;;;;;;
;88;64;80;69;56;67;64;64;64;64;66;46
Тракт;;;;;;;;;;;;
Численность обучающихся в общеобразовательных организациях с учетом обособленных подразделений (филиалов), человек;;;;;;;;;;;;
Сельское поселение;;;;;;;;;;;;
;80;77;61;52;53;51;50;85;76;63;52;16
Туръя;;;;;;;;;;;;
Численность обучающихся в общеобразовательных организациях с учетом обособленных подразделений (филиалов), человек;;;;;;;;;;;;
Сельское поселение;;;;;;;;;;;;
;27;26;22;20;19;20;25;26;19;16;13;3
Чиньяворык;;;;;;;;;;;;
Численность обучающихся в общеобразовательных организациях с учетом обособленных подразделений (филиалов), человек;;;;;;;;;;;;
Сельское поселение;;;;;;;;;;;;
;186;177;155;155;155;155;138;138;138;91;;
Шошка.;;;;;;;;;;;;
Численность обучающихся в общеобразовательных организациях с учетом обособленных подразделений (филиалов), человек;;;;;;;;;;;;
Сельское поселение;;;;;;;;;;;;
;40;45;43;47;47;47;43;43;43;42;57;57
Муниципальный район Койгородский;;;;;;;;;;;;
Муниципальный район Койгородский;;;;;;;;;;;;
Численность обучающихся в общеобразовательных организациях с учетом обособленных подразделений (филиалов), человек;;;;;;;;;;;;
Муниципальный район;;;;;;;;;;;;
;1099;1087;989;959;942;934;924;926;898;914;898;895
Грива;;;;;;;;;;;;
Численность обучающихся в общеобразовательных организациях с учетом обособленных подразделений (филиалов), человек;;;;;;;;;;;;
Сельское поселение;;;;;;;;;;;;
;42;42;33;40;42;42;42;40;40;39;39;39
Кажым;;;;;;;;;;;;
Численность обучающихся в общеобразовательных организациях с учетом обособленных подразделений (филиалов), человек;;;;;;;;;;;;
Сельское поселение;;;;;;;;;;;;
;126;122;116;115;110;103;103;90;78;85;84;79
Койгородок;;;;;;;;;;;;
Численность обучающихся в общеобразовательных организациях с учетом обособленных подразделений (филиалов), человек;;;;;;;;;;;;
Сельское поселение;;;;;;;;;;;;
;527;500;477;500;492;501;499;541;546;565;564;564
Койдин;;;;;;;;;;;;
Численность обучающихся в общеобразовательных организациях с учетом обособленных подразделений (филиалов), человек;;;;;;;;;;;;
Сельское поселение;;;;;;;;;;;;
;120;141;97;41;45;44;43;43;48;48;43;46
Кузьёль;;;;;;;;;;;;
Численность обучающихся в общеобразовательных организациях с учетом обособленных подразделений (филиалов), человек;;;;;;;;;;;;
Сельское поселение;;;;;;;;;;;;
;30;27;27;26;25;27;25;17;17;16;15;16
Нижний Турунъю (до 1 января 2017г);;;;;;;;;;;;
Численность обучающихся в общеобразовательных организациях с учетом обособленных подразделений (филиалов), человек;;;;;;;;;;;;
Сельское поселение;;;;;;;;;;;;
;27;27;28;29;30;21;21;12;;;;
Нючпас (до 1 января 2023 г);;;;;;;;;;;;
Численность обучающихся в общеобразовательных организациях с учетом обособленных подразделений (филиалов), человек;;;;;;;;;;;;
Сельское поселение;;;;;;;;;;;;
;7;5;5;6;6;4;;;;;;
Подзь;;;;;;;;;;;;
Численность обучающихся в общеобразовательных организациях с учетом обособленных подразделений (филиалов), человек;;;;;;;;;;;;
Сельское поселение;;;;;;;;;;;;
;160;147;132;135;135;135;130;130;126;117;117;115
Ужга;;;;;;;;;;;;
Численность обучающихся в общеобразовательных организациях с учетом обособленных подразделений (филиалов), человек;;;;;;;;;;;;
Сельское поселение;;;;;;;;;;;;
;63;76;74;67;54;57;61;53;63;44;36;33
Муниципальный район Корткеросский;;;;;;;;;;;;
Муниципальный район Корткеросский;;;;;;;;;;;;
Численность обучающихся в общеобразовательных организациях с учетом обособленных подразделений (филиалов), человек;;;;;;;;;;;;
Муниципальный район;;;;;;;;;;;;
;3023;2824;2628;2487;2405;2337;2282;2216;2181;2135;2129;2095
Богородск;;;;;;;;;;;;
Численность обучающихся в общеобразовательных организациях с учетом обособленных подразделений (филиалов), человек;;;;;;;;;;;;
Сельское поселение;;;;;;;;;;;;
;153;146;121;137;146;153;141;135;135;139;127;123
Большелуг;;;;;;;;;;;;
Численность обучающихся в общеобразовательных организациях с учетом обособленных подразделений (филиалов), человек;;;;;;;;;;;;
Сельское поселение;;;;;;;;;;;;
;194;176;164;160;192;184;176;169;171;141;140;109
Вомын;;;;;;;;;;;;
Численность обучающихся в общеобразовательных организациях с учетом обособленных подразделений (филиалов), человек;;;;;;;;;;;;
Сельское поселение;;;;;;;;;;;;
;54;63;52;53;46;43;42;42;42;42;16;15
Додзь;;;;;;;;;;;;
Численность обучающихся в общеобразовательных организациях с учетом обособленных подразделений (филиалов), человек;;;;;;;;;;;;
Сельское поселение;;;;;;;;;;;;
;73;80;75;76;73;68;93;93;77;83;73;76
Керес;;;;;;;;;;;;
Численность обучающихся в общеобразовательных организациях с учетом обособленных подразделений (филиалов), человек;;;;;;;;;;;;
Сельское поселение;;;;;;;;;;;;
;144;142;123;116;112;104;90;88;87;80;71;59
Корткерос;;;;;;;;;;;;
Численность обучающихся в общеобразовательных организациях с учетом обособленных подразделений (филиалов), человек;;;;;;;;;;;;
Сельское поселение;;;;;;;;;;;;
;683;647;682;633;632;632;616;638;634;654;659;724
Намск;;;;;;;;;;;;
Численность обучающихся в общеобразовательных организациях с учетом обособленных подразделений (филиалов), человек;;;;;;;;;;;;
Сельское поселение;;;;;;;;;;;;
;74;72;66;45;40;40;36;29;33;29;29;27
Маджа;;;;;;;;;;;;
Численность обучающихся в общеобразовательных организациях с учетом обособленных подразделений (филиалов), человек;;;;;;;;;;;;
Сельское поселение;;;;;;;;;;;;
;37;33;31;13;6;6;4;4;2;1;;
Мордино;;;;;;;;;;;;
Численность обучающихся в общеобразовательных организациях с учетом обособленных подразделений (филиалов), человек;;;;;;;;;;;;
Сельское поселение;;;;;;;;;;;;
;254;212;177;220;220;197;137;127;113;109;109;106
Нёбдино;;;;;;;;;;;;
Численность обучающихся в общеобразовательных организациях с учетом обособленных подразделений (филиалов), человек;;;;;;;;;;;;
Сельское поселение;;;;;;;;;;;;
;67;65;60;62;60;48;54;87;;81;84;43
Нившера;;;;;;;;;;;;
Численность обучающихся в общеобразовательных организациях с учетом обособленных подразделений (филиалов), человек;;;;;;;;;;;;
Сельское поселение;;;;;;;;;;;;
;265;234;225;185;162;162;162;147;137;137;121;120
Пезмег;;;;;;;;;;;;
Численность обучающихся в общеобразовательных организациях с учетом обособленных подразделений (филиалов), человек;;;;;;;;;;;;
Сельское поселение;;;;;;;;;;;;
;235;189;176;208;213;200;202;198;198;198;210;163
Подъельск;;;;;;;;;;;;
Численность обучающихся в общеобразовательных организациях с учетом обособленных подразделений (филиалов), человек;;;;;;;;;;;;
Сельское поселение;;;;;;;;;;;;
;108;106;89;80;75;73;74;73;78;98;103;83
Подтыбок;;;;;;;;;;;;
Численность обучающихся в общеобразовательных организациях с учетом обособленных подразделений (филиалов), человек;;;;;;;;;;;;
Сельское поселение;;;;;;;;;;;;
;172;153;134;144;134;164;164;150;113;105;105;82
Позтыкерес;;;;;;;;;;;;
Численность обучающихся в общеобразовательных организациях с учетом обособленных подразделений (филиалов), человек;;;;;;;;;;;;
Сельское поселение;;;;;;;;;;;;
;36;28;8;5;4;;;;;;10;
Приозёрный;;;;;;;;;;;;
Численность обучающихся в общеобразовательных организациях с учетом обособленных подразделений (филиалов), человек;;;;;;;;;;;;
Сельское поселение;;;;;;;;;;;;
;88;83;74;76;68;71;73;68;68;62;56;51
Сторожевск;;;;;;;;;;;;
Численность обучающихся в общеобразовательных организациях с учетом обособленных подразделений (филиалов), человек;;;;;;;;;;;;
Сельское поселение;;;;;;;;;;;;
;324;294;278;273;266;265;265;245;252;259;270;253
Усть-Лэкчим;;;;;;;;;;;;
Численность обучающихся в общеобразовательных организациях с учетом обособленных подразделений (филиалов), человек;;;;;;;;;;;;
Сельское поселение;;;;;;;;;;;;
;107;101;93;90;86;89;81;84;76;64;64;66
Муниципальный район Печора;;;;;;;;;;;;
Муниципальный район Печора;;;;;;;;;;;;
Численность обучающихся в общеобразовательных организациях с учетом обособленных подразделений (филиалов), человек;;;;;;;;;;;;
Муниципальный район;;;;;;;;;;;;
;7387;6320;6075;5820;5657;5669;5704;6055;5984;5684;5805;5786
Печора;;;;;;;;;;;;
Численность обучающихся в общеобразовательных организациях с учетом обособленных подразделений (филиалов), человек;;;;;;;;;;;;
Городское поселение;;;;;;;;;;;;
;5797;4914;4805;4702;4594;4653;4722;5086;5045;4744;4871;4890
Изъяю (до 1 января 2013 года);;;;;;;;;;;;
Численность обучающихся в общеобразовательных организациях с учетом обособленных подразделений (филиалов), человек;;;;;;;;;;;;
Городское поселение;;;;;;;;;;;;
;192;183;154;148;151;151;;;;;;
Кожва;;;;;;;;;;;;
Численность обучающихся в общеобразовательных организациях с учетом обособленных подразделений (филиалов), человек;;;;;;;;;;;;
Городское поселение;;;;;;;;;;;;
;395;343;327;369;353;353;483;473;473;462;454;451
Путеец;;;;;;;;;;;;
Численность обучающихся в общеобразовательных организациях с учетом обособленных подразделений (филиалов), человек;;;;;;;;;;;;
Городское поселение;;;;;;;;;;;;
;205;183;171;147;139;121;164;167;145;134;137;137
Берёзовка (до 1 января 2013 года);;;;;;;;;;;;
Численность обучающихся в общеобразовательных организациях с учетом обособленных подразделений (филиалов), человек;;;;;;;;;;;;
Сельское поселение;;;;;;;;;;;;
;27;27;25;;;;;;;;;
Зеленоборск (до 1 января 2013 года);;;;;;;;;;;;
Численность обучающихся в общеобразовательных организациях с учетом обособленных подразделений (филиалов), человек;;;;;;;;;;;;
Сельское поселение;;;;;;;;;;;;
;82;43;15;12;13;15;;;;;;
Каджером;;;;;;;;;;;;
Численность обучающихся в общеобразовательных организациях с учетом обособленных подразделений (филиалов), человек;;;;;;;;;;;;
Сельское поселение;;;;;;;;;;;;
;266;255;237;231;226;213;219;219;219;242;242;211
Кедровый Шор (до 1 января 2013 года);;;;;;;;;;;;
Численность обучающихся в общеобразовательных организациях с учетом обособленных подразделений (филиалов), человек;;;;;;;;;;;;
Сельское поселение;;;;;;;;;;;;
;34;39;40;4;1;4;;;;;;
Косью (до 1 января 2013 года);;;;;;;;;;;;
Численность обучающихся в общеобразовательных организациях с учетом обособленных подразделений (филиалов), человек;;;;;;;;;;;;
Сельское поселение;;;;;;;;;;;;
;9;10;5;;;;;;;;;
Красный Яг (до 1 января 2013 года);;;;;;;;;;;;
Численность обучающихся в общеобразовательных организациях с учетом обособленных подразделений (филиалов), человек;;;;;;;;;;;;
Сельское поселение;;;;;;;;;;;;
;5;5;8;10;8;9;;;;;;
Озёрный;;;;;;;;;;;;
Численность обучающихся в общеобразовательных организациях с учетом обособленных подразделений (филиалов), человек;;;;;;;;;;;;
Сельское поселение;;;;;;;;;;;;
;79;62;46;;;;11;17;16;15;13;10
Приуральское;;;;;;;;;;;;
Численность обучающихся в общеобразовательных организациях с учетом обособленных подразделений (филиалов), человек;;;;;;;;;;;;
Сельское поселение;;;;;;;;;;;;
;87;70;67;60;56;54;52;42;43;43;45;47
Соколово (до 1 января 2013 года);;;;;;;;;;;;
Численность обучающихся в общеобразовательных организациях с учетом обособленных подразделений (филиалов), человек;;;;;;;;;;;;
Сельское поселение;;;;;;;;;;;;
;57;52;44;13;;;;;;;;
Сыня (до 1 января 2013 года);;;;;;;;;;;;
Численность обучающихся в общеобразовательных организациях с учетом обособленных подразделений (филиалов), человек;;;;;;;;;;;;
Сельское поселение;;;;;;;;;;;;
;62;54;57;46;45;41;;;;;;
Чикшино;;;;;;;;;;;;
Численность обучающихся в общеобразовательных организациях с учетом обособленных подразделений (филиалов), человек;;;;;;;;;;;;
Сельское поселение;;;;;;;;;;;;
;90;80;74;78;71;55;53;51;43;44;43;31
Муниципальный район Прилузский;;;;;;;;;;;;
Муниципальный район Прилузский;;;;;;;;;;;;
Численность обучающихся в общеобразовательных организациях с учетом обособленных подразделений (филиалов), человек;;;;;;;;;;;;
Муниципальный район;;;;;;;;;;;;
;2867;2673;2543;2436;2312;2334;2326;2354;2334;2355;2359;2339
Ваймес (до  1 января 2017г);;;;;;;;;;;;
Численность обучающихся в общеобразовательных организациях с учетом обособленных подразделений (филиалов), человек;;;;;;;;;;;;
Сельское поселение;;;;;;;;;;;;
;65;55;41;45;33;30;30;31;29;22;19;
Верхолузье (до 1 января 2017г);;;;;;;;;;;;
Численность обучающихся в общеобразовательных организациях с учетом обособленных подразделений (филиалов), человек;;;;;;;;;;;;
Сельское поселение;;;;;;;;;;;;
;18;16;4;4;6;5;5;5;;;;
Вухтым;;;;;;;;;;;;
Численность обучающихся в общеобразовательных организациях с учетом обособленных подразделений (филиалов), человек;;;;;;;;;;;;
Сельское поселение;;;;;;;;;;;;
;153;132;116;105;106;101;101;113;115;121;105;116
Гурьевка;;;;;;;;;;;;
Численность обучающихся в общеобразовательных организациях с учетом обособленных подразделений (филиалов), человек;;;;;;;;;;;;
Сельское поселение;;;;;;;;;;;;
;106;103;104;100;100;104;104;112;99;97;97;106
Занулье;;;;;;;;;;;;
Численность обучающихся в общеобразовательных организациях с учетом обособленных подразделений (филиалов), человек;;;;;;;;;;;;
Сельское поселение;;;;;;;;;;;;
;5;4;;;;;;;;;;
Летка;;;;;;;;;;;;
Численность обучающихся в общеобразовательных организациях с учетом обособленных подразделений (филиалов), человек;;;;;;;;;;;;
Сельское поселение;;;;;;;;;;;;
;460;434;405;381;375;383;383;375;375;372;376;378
Лойма;;;;;;;;;;;;
Численность обучающихся в общеобразовательных организациях с учетом обособленных подразделений (филиалов), человек;;;;;;;;;;;;
Сельское поселение;;;;;;;;;;;;
;122;117;100;95;95;83;84;78;69;66;;54
Мутница;;;;;;;;;;;;
Численность обучающихся в общеобразовательных организациях с учетом обособленных подразделений (филиалов), человек;;;;;;;;;;;;
Сельское поселение;;;;;;;;;;;;
;83;77;70;60;53;52;51;66;68;24;27;27
Ношуль;;;;;;;;;;;;
Численность обучающихся в общеобразовательных организациях с учетом обособленных подразделений (филиалов), человек;;;;;;;;;;;;
Сельское поселение;;;;;;;;;;;;
;258;232;225;212;212;198;199;185;179;180;185;196
Объячево;;;;;;;;;;;;
Численность обучающихся в общеобразовательных организациях с учетом обособленных подразделений (филиалов), человек;;;;;;;;;;;;
Сельское поселение;;;;;;;;;;;;
;1023;966;953;931;903;915;912;912;1030;1050;1106;1173
Прокопьевка;;;;;;;;;;;;
Численность обучающихся в общеобразовательных организациях с учетом обособленных подразделений (филиалов), человек;;;;;;;;;;;;
Сельское поселение;;;;;;;;;;;;
;33;30;25;21;20;20;19;16;12;;;
Слудка.;;;;;;;;;;;;
Численность обучающихся в общеобразовательных организациях с учетом обособленных подразделений (филиалов), человек;;;;;;;;;;;;
Сельское поселение;;;;;;;;;;;;
;83;91;86;76;67;62;62;53;51;57;36;32
Спаспоруб;;;;;;;;;;;;
Численность обучающихся в общеобразовательных организациях с учетом обособленных подразделений (филиалов), человек;;;;;;;;;;;;
Сельское поселение;;;;;;;;;;;;
;125;116;118;122;115;117;118;162;162;110;112;110
Черёмуховка;;;;;;;;;;;;
Численность обучающихся в общеобразовательных организациях с учетом обособленных подразделений (филиалов), человек;;;;;;;;;;;;
Сельское поселение;;;;;;;;;;;;
;171;158;150;144;143;136;136;138;130;133;121;109
Чёрныш (до 1 января 2021 года);;;;;;;;;;;;
Численность обучающихся в общеобразовательных организациях с учетом обособленных подразделений (филиалов), человек;;;;;;;;;;;;
Сельское поселение;;;;;;;;;;;;
;76;63;66;60;55;52;52;53;49;54;48;38
Читаево (до 1 января 2017г);;;;;;;;;;;;
Численность обучающихся в общеобразовательных организациях с учетом обособленных подразделений (филиалов), человек;;;;;;;;;;;;
Сельское поселение;;;;;;;;;;;;
;86;79;80;80;80;76;70;74;83;69;70;
Муниципальный район Сосногорск;;;;;;;;;;;;
Муниципальный район Сосногорск;;;;;;;;;;;;
Численность обучающихся в общеобразовательных организациях с учетом обособленных подразделений (филиалов), человек;;;;;;;;;;;;
Муниципальный район;;;;;;;;;;;;
;5532;5319;5112;5035;4852;4785;4785;6272;4733;4893;4893;4936
Сосногорск;;;;;;;;;;;;
Численность обучающихся в общеобразовательных организациях с учетом обособленных подразделений (филиалов), человек;;;;;;;;;;;;
Городское поселение;;;;;;;;;;;;
;3368;3327;3251;3281;3222;3195;4698;4968;3459;3588;3586;3691
Войвож;;;;;;;;;;;;
Численность обучающихся в общеобразовательных организациях с учетом обособленных подразделений (филиалов), человек;;;;;;;;;;;;
Городское поселение;;;;;;;;;;;;
;407;401;354;322;312;325;273;271;256;255;261;258
Нижний Одес;;;;;;;;;;;;
Численность обучающихся в общеобразовательных организациях с учетом обособленных подразделений (филиалов), человек;;;;;;;;;;;;
Городское поселение;;;;;;;;;;;;
;1258;1214;1167;1167;1118;1066;1025;1033;1018;1050;1046;987
Верхнеижемский  (до 1 янвря 2013 года);;;;;;;;;;;;
Численность обучающихся в общеобразовательных организациях с учетом обособленных подразделений (филиалов), человек;;;;;;;;;;;;
Сельское поселение;;;;;;;;;;;;
;94;80;61;56;46;40;44;;;;;
Вис  (до 1 янвря 2013 года);;;;;;;;;;;;
Численность обучающихся в общеобразовательных организациях с учетом обособленных подразделений (филиалов), человек;;;;;;;;;;;;
Сельское поселение;;;;;;;;;;;;
;35;26;15;18;7;7;8;;;;;
Ираёль  (до 1 янвря 2013 года);;;;;;;;;;;;
Численность обучающихся в общеобразовательных организациях с учетом обособленных подразделений (филиалов), человек;;;;;;;;;;;;
Сельское поселение;;;;;;;;;;;;
;83;69;86;70;71;70;76;;;;;
Керки  (до 1 янвря 2013 года);;;;;;;;;;;;
Численность обучающихся в общеобразовательных организациях с учетом обособленных подразделений (филиалов), человек;;;;;;;;;;;;
Сельское поселение;;;;;;;;;;;;
;58;52;53;13;11;9;12;;;;;
Малая Пера  (до 1 янвря 2013 года);;;;;;;;;;;;
Численность обучающихся в общеобразовательных организациях с учетом обособленных подразделений (филиалов), человек;;;;;;;;;;;;
Сельское поселение;;;;;;;;;;;;
;62;46;35;23;8;8;14;;;;;
Поляна  (до 1 янвря 2013 года);;;;;;;;;;;;
Численность обучающихся в общеобразовательных организациях с учетом обособленных подразделений (филиалов), человек;;;;;;;;;;;;
Сельское поселение;;;;;;;;;;;;
;51;19;8;7;;;;;;;;
Усть-Ухта  (до 1 янвря 2013 года);;;;;;;;;;;;
Численность обучающихся в общеобразовательных организациях с учетом обособленных подразделений (филиалов), человек;;;;;;;;;;;;
Сельское поселение;;;;;;;;;;;;
;116;86;82;78;57;65;75;;;;;
Муниципальный район Сыктывдинский;;;;;;;;;;;;
Муниципальный район Сыктывдинский;;;;;;;;;;;;
Численность обучающихся в общеобразовательных организациях с учетом обособленных подразделений (филиалов), человек;;;;;;;;;;;;
Муниципальный район;;;;;;;;;;;;
;2299;2335;2216;2208;2185;2270;2335;2248;2315;2581;5459;2751
Выльгорт;;;;;;;;;;;;
Численность обучающихся в общеобразовательных организациях с учетом обособленных подразделений (филиалов), человек;;;;;;;;;;;;
Сельское поселение;;;;;;;;;;;;
;881;944;939;960;985;1066;1137;1147;1192;1311;1414;1411
Зеленец;;;;;;;;;;;;
Численность обучающихся в общеобразовательных организациях с учетом обособленных подразделений (филиалов), человек;;;;;;;;;;;;
Сельское поселение;;;;;;;;;;;;
;347;357;358;362;356;364;370;370;370;452;472;470
Лэзым;;;;;;;;;;;;
Численность обучающихся в общеобразовательных организациях с учетом обособленных подразделений (филиалов), человек;;;;;;;;;;;;
Сельское поселение;;;;;;;;;;;;
;43;39;40;;;;;;;40;40;
Мандач;;;;;;;;;;;;
Численность обучающихся в общеобразовательных организациях с учетом обособленных подразделений (филиалов), человек;;;;;;;;;;;;
Сельское поселение;;;;;;;;;;;;
;45;40;36;25;22;10;;;;;;
Нювчим;;;;;;;;;;;;
Численность обучающихся в общеобразовательных организациях с учетом обособленных подразделений (филиалов), человек;;;;;;;;;;;;
Сельское поселение;;;;;;;;;;;;
;49;44;35;35;35;11;9;12;11;14;13;13
Озёл;;;;;;;;;;;;
Численность обучающихся в общеобразовательных организациях с учетом обособленных подразделений (филиалов), человек;;;;;;;;;;;;
Сельское поселение;;;;;;;;;;;;
;9;7;6;2;2;;;;;;;
Пажга;;;;;;;;;;;;
Численность обучающихся в общеобразовательных организациях с учетом обособленных подразделений (филиалов), человек;;;;;;;;;;;;
Сельское поселение;;;;;;;;;;;;
;297;337;312;346;336;340;337;337;337;355;365;358
Палевицы;;;;;;;;;;;;
Численность обучающихся в общеобразовательных организациях с учетом обособленных подразделений (филиалов), человек;;;;;;;;;;;;
Сельское поселение;;;;;;;;;;;;
;214;188;146;138;140;130;128;128;128;128;135;120
Слудка;;;;;;;;;;;;
Численность обучающихся в общеобразовательных организациях с учетом обособленных подразделений (филиалов), человек;;;;;;;;;;;;
Сельское поселение;;;;;;;;;;;;
;63;64;54;50;37;33;33;51;49;40;41;30
Часово;;;;;;;;;;;;
Численность обучающихся в общеобразовательных организациях с учетом обособленных подразделений (филиалов), человек;;;;;;;;;;;;
Сельское поселение;;;;;;;;;;;;
;107;102;94;88;83;82;93;80;80;80;69;68
Шошка;;;;;;;;;;;;
Численность обучающихся в общеобразовательных организациях с учетом обособленных подразделений (филиалов), человек;;;;;;;;;;;;
Сельское поселение;;;;;;;;;;;;
;45;38;35;40;37;61;60;60;59;96;103;108
Ыб;;;;;;;;;;;;
Численность обучающихся в общеобразовательных организациях с учетом обособленных подразделений (филиалов), человек;;;;;;;;;;;;
Сельское поселение;;;;;;;;;;;;
;83;71;69;73;74;90;88;92;92;92;93;84
Яснэг;;;;;;;;;;;;
Численность обучающихся в общеобразовательных организациях с учетом обособленных подразделений (филиалов), человек;;;;;;;;;;;;
Сельское поселение;;;;;;;;;;;;
;116;104;92;89;78;83;80;80;80;77;81;89
Муниципальный район Сысольский;;;;;;;;;;;;
Муниципальный район Сысольский;;;;;;;;;;;;
Численность обучающихся в общеобразовательных организациях с учетом обособленных подразделений (филиалов), человек;;;;;;;;;;;;
Муниципальный район;;;;;;;;;;;;
;1839;1650;1570;1508;1482;1468;1464;1424;1444;1417;1455;1448
Визинга;;;;;;;;;;;;
Численность обучающихся в общеобразовательных организациях с учетом обособленных подразделений (филиалов), человек;;;;;;;;;;;;
Сельское поселение;;;;;;;;;;;;
;920;902;876;872;885;896;921;908;938;937;998;984
Визиндор;;;;;;;;;;;;
Численность обучающихся в общеобразовательных организациях с учетом обособленных подразделений (филиалов), человек;;;;;;;;;;;;
Сельское поселение;;;;;;;;;;;;
;120;89;83;74;77;80;79;81;81;74;65;69
Вотча;;;;;;;;;;;;
Численность обучающихся в общеобразовательных организациях с учетом обособленных подразделений (филиалов), человек;;;;;;;;;;;;
Сельское поселение;;;;;;;;;;;;
;6;6;7;7;4;;;;;;;
Гагшор;;;;;;;;;;;;
Численность обучающихся в общеобразовательных организациях с учетом обособленных подразделений (филиалов), человек;;;;;;;;;;;;
Сельское поселение;;;;;;;;;;;;
;48;14;20;16;20;19;19;13;10;9;7;10
Заозерье;;;;;;;;;;;;
Численность обучающихся в общеобразовательных организациях с учетом обособленных подразделений (филиалов), человек;;;;;;;;;;;;
Сельское поселение;;;;;;;;;;;;
;98;65;55;48;37;36;33;32;28;21;18;16
Куниб;;;;;;;;;;;;
Численность обучающихся в общеобразовательных организациях с учетом обособленных подразделений (филиалов), человек;;;;;;;;;;;;
Сельское поселение;;;;;;;;;;;;
;215;213;190;186;182;163;149;147;147;142;135;142
Куратово;;;;;;;;;;;;
Численность обучающихся в общеобразовательных организациях с учетом обособленных подразделений (филиалов), человек;;;;;;;;;;;;
Сельское поселение;;;;;;;;;;;;
;117;88;86;76;71;71;65;69;66;56;57;49
Межадор;;;;;;;;;;;;
Численность обучающихся в общеобразовательных организациях с учетом обособленных подразделений (филиалов), человек;;;;;;;;;;;;
Сельское поселение;;;;;;;;;;;;
;70;58;53;52;41;40;46;42;38;42;49;59
Палауз;;;;;;;;;;;;
Численность обучающихся в общеобразовательных организациях с учетом обособленных подразделений (филиалов), человек;;;;;;;;;;;;
Сельское поселение;;;;;;;;;;;;
;32;27;24;23;8;7;7;5;8;7;6;6
Пыёлдино;;;;;;;;;;;;
Численность обучающихся в общеобразовательных организациях с учетом обособленных подразделений (филиалов), человек;;;;;;;;;;;;
Сельское поселение;;;;;;;;;;;;
;133;115;109;95;106;105;102;95;96;100;92;84
Чухлэм;;;;;;;;;;;;
Численность обучающихся в общеобразовательных организациях с учетом обособленных подразделений (филиалов), человек;;;;;;;;;;;;
Сельское поселение;;;;;;;;;;;;
;80;73;67;59;51;51;43;32;32;29;28;29
Муниципальный район Троицко-Печорский;;;;;;;;;;;;
Муниципальный район Троицко-Печорский;;;;;;;;;;;;
Численность обучающихся в общеобразовательных организациях с учетом обособленных подразделений (филиалов), человек;;;;;;;;;;;;
Муниципальный район;;;;;;;;;;;;
;1809;1702;1605;1470;1445;1404;1352;1345;1365;1375;1370;1367
Троицко-Печорск;;;;;;;;;;;;
Численность обучающихся в общеобразовательных организациях с учетом обособленных подразделений (филиалов), человек;;;;;;;;;;;;
Городское поселение;;;;;;;;;;;;
;1004;982;923;911;893;895;879;879;884;884;907;937
Приуральский;;;;;;;;;;;;
Численность обучающихся в общеобразовательных организациях с учетом обособленных подразделений (филиалов), человек;;;;;;;;;;;;
Сельское поселение;;;;;;;;;;;;
;113;109;112;85;96;87;92;90;123;126;116;92
Знаменка;;;;;;;;;;;;
Численность обучающихся в общеобразовательных организациях с учетом обособленных подразделений (филиалов), человек;;;;;;;;;;;;
Сельское поселение;;;;;;;;;;;;
;31;32;35;31;29;30;24;20;17;7;3;3
Комсомольск-на-Печоре;;;;;;;;;;;;
Численность обучающихся в общеобразовательных организациях с учетом обособленных подразделений (филиалов), человек;;;;;;;;;;;;
Сельское поселение;;;;;;;;;;;;
;85;86;86;71;73;67;61;62;60;60;50;65
Куръя;;;;;;;;;;;;
Численность обучающихся в общеобразовательных организациях с учетом обособленных подразделений (филиалов), человек;;;;;;;;;;;;
Сельское поселение;;;;;;;;;;;;
;6;5;2;;;;;;;;;
Митрофан-Дикост;;;;;;;;;;;;
Численность обучающихся в общеобразовательных организациях с учетом обособленных подразделений (филиалов), человек;;;;;;;;;;;;
Сельское поселение;;;;;;;;;;;;
;83;71;66;45;37;34;28;24;24;19;19;16
Мылва;;;;;;;;;;;;
Численность обучающихся в общеобразовательных организациях с учетом обособленных подразделений (филиалов), человек;;;;;;;;;;;;
Сельское поселение;;;;;;;;;;;;
;33;31;26;30;21;11;10;10;11;11;10;11
Нижняя Омра;;;;;;;;;;;;
Численность обучающихся в общеобразовательных организациях с учетом обособленных подразделений (филиалов), человек;;;;;;;;;;;;
Сельское поселение;;;;;;;;;;;;
;156;128;119;98;96;95;98;96;94;92;82;85
Покча;;;;;;;;;;;;
Численность обучающихся в общеобразовательных организациях с учетом обособленных подразделений (филиалов), человек;;;;;;;;;;;;
Сельское поселение;;;;;;;;;;;;
;59;39;31;21;21;21;19;18;16;27;24;10
Усть-Илыч;;;;;;;;;;;;
Численность обучающихся в общеобразовательных организациях с учетом обособленных подразделений (филиалов), человек;;;;;;;;;;;;
Сельское поселение;;;;;;;;;;;;
;83;80;80;70;70;62;57;50;52;51;53;48
Якша;;;;;;;;;;;;
Численность обучающихся в общеобразовательных организациях с учетом обособленных подразделений (филиалов), человек;;;;;;;;;;;;
Сельское поселение;;;;;;;;;;;;
;156;137;125;108;109;102;84;85;84;98;106;100
Муниципальный район Удорский;;;;;;;;;;;;
Муниципальный район Удорский;;;;;;;;;;;;
Численность обучающихся в общеобразовательных организациях с учетом обособленных подразделений (филиалов), человек;;;;;;;;;;;;
Муниципальный район;;;;;;;;;;;;
;2984;2586;2456;2264;2191;2067;2056;1926;1897;1858;1929;1903
Благоево;;;;;;;;;;;;
Численность обучающихся в общеобразовательных организациях с учетом обособленных подразделений (филиалов), человек;;;;;;;;;;;;
Городское поселение;;;;;;;;;;;;
;475;448;428;391;396;362;366;366;366;366;382;382
Междуреченск;;;;;;;;;;;;
Численность обучающихся в общеобразовательных организациях с учетом обособленных подразделений (филиалов), человек;;;;;;;;;;;;
Городское поселение;;;;;;;;;;;;
;272;241;226;204;185;179;182;169;151;151;152;154
Усогорск;;;;;;;;;;;;
Численность обучающихся в общеобразовательных организациях с учетом обособленных подразделений (филиалов), человек;;;;;;;;;;;;
Городское поселение;;;;;;;;;;;;
;980;751;746;696;707;663;703;689;683;667;804;848
Буткан;;;;;;;;;;;;
Численность обучающихся в общеобразовательных организациях с учетом обособленных подразделений (филиалов), человек;;;;;;;;;;;;
Сельское поселение;;;;;;;;;;;;
;36;37;32;26;29;25;;;;;;
Важгорт;;;;;;;;;;;;
Численность обучающихся в общеобразовательных организациях с учетом обособленных подразделений (филиалов), человек;;;;;;;;;;;;
Сельское поселение;;;;;;;;;;;;
;100;84;80;74;69;70;63;73;75;75;73;73
Вожский;;;;;;;;;;;;
Численность обучающихся в общеобразовательных организациях с учетом обособленных подразделений (филиалов), человек;;;;;;;;;;;;
Сельское поселение;;;;;;;;;;;;
;161;167;149;133;138;132;123;95;72;71;59;55
Глотово;;;;;;;;;;;;
Численность обучающихся в общеобразовательных организациях с учетом обособленных подразделений (филиалов), человек;;;;;;;;;;;;
Сельское поселение;;;;;;;;;;;;
;90;73;71;63;50;47;41;46;41;34;27;21
Ёдва;;;;;;;;;;;;
Численность обучающихся в общеобразовательных организациях с учетом обособленных подразделений (филиалов), человек;;;;;;;;;;;;
Сельское поселение;;;;;;;;;;;;
;150;137;131;131;125;103;97;97;100;96;70;40
Ёртом (до 1 января 2018г);;;;;;;;;;;;
Численность обучающихся в общеобразовательных организациях с учетом обособленных подразделений (филиалов), человек;;;;;;;;;;;;
Сельское поселение;;;;;;;;;;;;
;29;23;21;20;17;16;14;14;8;1;2;2
Кослан;;;;;;;;;;;;
Численность обучающихся в общеобразовательных организациях с учетом обособленных подразделений (филиалов), человек;;;;;;;;;;;;
Сельское поселение;;;;;;;;;;;;
;379;353;330;319;292;292;296;296;296;248;248;275
Большая Пучкома;;;;;;;;;;;;
Численность обучающихся в общеобразовательных организациях с учетом обособленных подразделений (филиалов), человек;;;;;;;;;;;;
Сельское поселение;;;;;;;;;;;;
;16;17;15;7;5;4;4;4;3;1;3;
Большая Пысса;;;;;;;;;;;;
Численность обучающихся в общеобразовательных организациях с учетом обособленных подразделений (филиалов), человек;;;;;;;;;;;;
Сельское поселение;;;;;;;;;;;;
;70;60;52;46;35;32;27;20;15;15;15;17
Чернутьево;;;;;;;;;;;;
Численность обучающихся в общеобразовательных организациях с учетом обособленных подразделений (филиалов), человек;;;;;;;;;;;;
Сельское поселение;;;;;;;;;;;;
;62;50;43;37;46;42;46;37;33;33;26;28
Чим;;;;;;;;;;;;
Численность обучающихся в общеобразовательных организациях с учетом обособленных подразделений (филиалов), человек;;;;;;;;;;;;
Сельское поселение;;;;;;;;;;;;
;113;101;95;91;80;83;79;74;48;38;16;6
Чупрово;;;;;;;;;;;;
Численность обучающихся в общеобразовательных организациях с учетом обособленных подразделений (филиалов), человек;;;;;;;;;;;;
Сельское поселение;;;;;;;;;;;;
;51;44;37;26;17;17;15;10;4;6;5;2
Муниципальный район Усть-Вымский;;;;;;;;;;;;
Муниципальный район Усть-Вымский;;;;;;;;;;;;
Численность обучающихся в общеобразовательных организациях с учетом обособленных подразделений (филиалов), человек;;;;;;;;;;;;
Муниципальный район;;;;;;;;;;;;
;3537;3353;3269;3096;3022;3016;3032;3039;3053;3096;3123;3170
Микунь;;;;;;;;;;;;
Численность обучающихся в общеобразовательных организациях с учетом обособленных подразделений (филиалов), человек;;;;;;;;;;;;
Городское поселение;;;;;;;;;;;;
;1186;1158;1142;1089;1079;1096;1087;1120;1029;1133;1202;1160
Жешарт;;;;;;;;;;;;
Численность обучающихся в общеобразовательных организациях с учетом обособленных подразделений (филиалов), человек;;;;;;;;;;;;
Городское поселение;;;;;;;;;;;;
;1106;1041;1007;929;921;914;929;913;948;994;987;1000
Айкино;;;;;;;;;;;;
Численность обучающихся в общеобразовательных организациях с учетом обособленных подразделений (филиалов), человек;;;;;;;;;;;;
Сельское поселение;;;;;;;;;;;;
;434;417;413;412;402;398;435;437;456;452;462;464
Вежайка;;;;;;;;;;;;
Численность обучающихся в общеобразовательных организациях с учетом обособленных подразделений (филиалов), человек;;;;;;;;;;;;
Сельское поселение;;;;;;;;;;;;
;36;30;35;30;26;28;33;31;18;5;3;4
Гам;;;;;;;;;;;;
Численность обучающихся в общеобразовательных организациях с учетом обособленных подразделений (филиалов), человек;;;;;;;;;;;;
Сельское поселение;;;;;;;;;;;;
;82;82;69;69;64;63;54;44;50;50;43;57
Донаёль;;;;;;;;;;;;
Численность обучающихся в общеобразовательных организациях с учетом обособленных подразделений (филиалов), человек;;;;;;;;;;;;
Сельское поселение;;;;;;;;;;;;
;87;79;65;59;50;44;44;41;36;30;38;38
Илья-Шор;;;;;;;;;;;;
Численность обучающихся в общеобразовательных организациях с учетом обособленных подразделений (филиалов), человек;;;;;;;;;;;;
Сельское поселение;;;;;;;;;;;;
;47;39;39;30;27;20;20;13;13;13;;
Кожмудор;;;;;;;;;;;;
Численность обучающихся в общеобразовательных организациях с учетом обособленных подразделений (филиалов), человек;;;;;;;;;;;;
Сельское поселение;;;;;;;;;;;;
;124;109;106;107;90;88;83;84;82;84;75;74
Мадмас;;;;;;;;;;;;
Численность обучающихся в общеобразовательных организациях с учетом обособленных подразделений (филиалов), человек;;;;;;;;;;;;
Сельское поселение;;;;;;;;;;;;
;80;72;69;70;72;70;73;75;80;78;84;84
Межег;;;;;;;;;;;;
Численность обучающихся в общеобразовательных организациях с учетом обособленных подразделений (филиалов), человек;;;;;;;;;;;;
Сельское поселение;;;;;;;;;;;;
;97;92;85;79;78;74;75;75;65;68;58;62
Студенец;;;;;;;;;;;;
Численность обучающихся в общеобразовательных организациях с учетом обособленных подразделений (филиалов), человек;;;;;;;;;;;;
Сельское поселение;;;;;;;;;;;;
;66;65;65;63;59;59;54;53;53;45;45;39
Усть-Вымь;;;;;;;;;;;;
Численность обучающихся в общеобразовательных организациях с учетом обособленных подразделений (филиалов), человек;;;;;;;;;;;;
Сельское поселение;;;;;;;;;;;;
;192;169;174;159;154;162;145;141;145;147;145;121
Муниципальный район Усть-Куломский;;;;;;;;;;;;
Муниципальный район Усть-Куломский;;;;;;;;;;;;
Численность обучающихся в общеобразовательных организациях с учетом обособленных подразделений (филиалов), человек;;;;;;;;;;;;
Муниципальный район;;;;;;;;;;;;
;4193;3908;3718;3548;3412;3368;3253;3116;3107;3110;3199;3230
Аныб (до 1 января 2018г);;;;;;;;;;;;
Численность обучающихся в общеобразовательных организациях с учетом обособленных подразделений (филиалов), человек;;;;;;;;;;;;
Сельское поселение;;;;;;;;;;;;
;10;9;6;;;;;14;12;12;8;8
Вольдино;;;;;;;;;;;;
Численность обучающихся в общеобразовательных организациях с учетом обособленных подразделений (филиалов), человек;;;;;;;;;;;;
Сельское поселение;;;;;;;;;;;;
;82;79;74;74;82;83;85;69;74;79;77;82
Нижний Воч;;;;;;;;;;;;
Численность обучающихся в общеобразовательных организациях с учетом обособленных подразделений (филиалов), человек;;;;;;;;;;;;
Сельское поселение;;;;;;;;;;;;
;161;141;133;122;113;101;102;88;88;109;56;56
Диасёръя;;;;;;;;;;;;
Численность обучающихся в общеобразовательных организациях с учетом обособленных подразделений (филиалов), человек;;;;;;;;;;;;
Сельское поселение;;;;;;;;;;;;
;61;59;58;59;62;61;55;59;58;59;53;53
Деревянск;;;;;;;;;;;;
Численность обучающихся в общеобразовательных организациях с учетом обособленных подразделений (филиалов), человек;;;;;;;;;;;;
Сельское поселение;;;;;;;;;;;;
;115;103;107;100;100;101;97;90;90;82;88;81
Дзёль (до 1 января 2020 года);;;;;;;;;;;;
Численность обучающихся в общеобразовательных организациях с учетом обособленных подразделений (филиалов), человек;;;;;;;;;;;;
Сельское поселение;;;;;;;;;;;;
;7;8;11;6;9;;;;;;;
Дон;;;;;;;;;;;;
Численность обучающихся в общеобразовательных организациях с учетом обособленных подразделений (филиалов), человек;;;;;;;;;;;;
Сельское поселение;;;;;;;;;;;;
;137;117;109;93;90;86;84;78;74;87;65;72
Кебанъёль;;;;;;;;;;;;
Численность обучающихся в общеобразовательных организациях с учетом обособленных подразделений (филиалов), человек;;;;;;;;;;;;
Сельское поселение;;;;;;;;;;;;
;231;209;215;190;186;189;185;197;200;200;201;189
Керчомъя;;;;;;;;;;;;
Численность обучающихся в общеобразовательных организациях с учетом обособленных подразделений (филиалов), человек;;;;;;;;;;;;
Сельское поселение;;;;;;;;;;;;
;174;153;139;134;123;131;115;103;104;103;104;97
Кужба;;;;;;;;;;;;
Численность обучающихся в общеобразовательных организациях с учетом обособленных подразделений (филиалов), человек;;;;;;;;;;;;
Сельское поселение;;;;;;;;;;;;
;181;164;141;136;130;125;125;88;91;96;104;94
Мыёлдино;;;;;;;;;;;;
Численность обучающихся в общеобразовательных организациях с учетом обособленных подразделений (филиалов), человек;;;;;;;;;;;;
Сельское поселение;;;;;;;;;;;;
;51;47;46;44;35;34;28;34;34;34;20;20
Носим (до 1 января 2018г);;;;;;;;;;;;
Численность обучающихся в общеобразовательных организациях с учетом обособленных подразделений (филиалов), человек;;;;;;;;;;;;
Сельское поселение;;;;;;;;;;;;
;69;60;44;23;15;17;22;19;22;;;
Парч;;;;;;;;;;;;
Численность обучающихся в общеобразовательных организациях с учетом обособленных подразделений (филиалов), человек;;;;;;;;;;;;
Сельское поселение;;;;;;;;;;;;
;14;12;10;10;9;6;5;6;;;;
Пожег;;;;;;;;;;;;
Численность обучающихся в общеобразовательных организациях с учетом обособленных подразделений (филиалов), человек;;;;;;;;;;;;
Сельское поселение;;;;;;;;;;;;
;326;309;289;274;268;247;227;213;223;216;214;203
Помоздино;;;;;;;;;;;;
Численность обучающихся в общеобразовательных организациях с учетом обособленных подразделений (филиалов), человек;;;;;;;;;;;;
Сельское поселение;;;;;;;;;;;;
;519;475;459;472;456;454;435;435;435;435;430;428
Зимстан;;;;;;;;;;;;
Численность обучающихся в общеобразовательных организациях с учетом обособленных подразделений (филиалов), человек;;;;;;;;;;;;
Сельское поселение;;;;;;;;;;;;
;333;311;303;278;251;232;218;178;170;170;166;158
Руч;;;;;;;;;;;;
Численность обучающихся в общеобразовательных организациях с учетом обособленных подразделений (филиалов), человек;;;;;;;;;;;;
Сельское поселение;;;;;;;;;;;;
;126;114;114;113;108;105;106;89;80;76;76;72
Тимшер;;;;;;;;;;;;
Численность обучающихся в общеобразовательных организациях с учетом обособленных подразделений (филиалов), человек;;;;;;;;;;;;
Сельское поселение;;;;;;;;;;;;
;215;208;192;194;185;171;166;170;159;157;157;147
Усть-Кулом;;;;;;;;;;;;
Численность обучающихся в общеобразовательных организациях с учетом обособленных подразделений (филиалов), человек;;;;;;;;;;;;
Сельское поселение;;;;;;;;;;;;
;773;757;745;735;738;761;756;762;762;762;762;762
Усть-Нем;;;;;;;;;;;;
Численность обучающихся в общеобразовательных организациях с учетом обособленных подразделений (филиалов), человек;;;;;;;;;;;;
Сельское поселение;;;;;;;;;;;;
;158;150;141;122;117;111;99;111;114;147;157;175
Югыдъяг;;;;;;;;;;;;
Численность обучающихся в общеобразовательных организациях с учетом обособленных подразделений (филиалов), человек;;;;;;;;;;;;
Сельское поселение;;;;;;;;;;;;
;450;423;382;369;335;353;343;313;313;286;275;359
Муниципальный район Усть-Цилемский;;;;;;;;;;;;
Муниципальный район Усть-Цилемский;;;;;;;;;;;;
Численность обучающихся в общеобразовательных организациях с учетом обособленных подразделений (филиалов), человек;;;;;;;;;;;;
Муниципальный район;;;;;;;;;;;;
;2191;2083;1913;1839;1765;1712;1659;1613;1607;1585;1539;1551
Среднее Бугаево;;;;;;;;;;;;
Численность обучающихся в общеобразовательных организациях с учетом обособленных подразделений (филиалов), человек;;;;;;;;;;;;
Сельское поселение;;;;;;;;;;;;
;58;58;49;49;46;43;38;40;32;24;21;22
Ёрмица;;;;;;;;;;;;
Численность обучающихся в общеобразовательных организациях с учетом обособленных подразделений (филиалов), человек;;;;;;;;;;;;
Сельское поселение;;;;;;;;;;;;
;78;70;67;55;49;52;38;34;27;22;26;28
Коровий Ручей;;;;;;;;;;;;
Численность обучающихся в общеобразовательных организациях с учетом обособленных подразделений (филиалов), человек;;;;;;;;;;;;
Сельское поселение;;;;;;;;;;;;
;191;171;157;161;157;160;171;162;151;156;144;144
Нерица;;;;;;;;;;;;
Численность обучающихся в общеобразовательных организациях с учетом обособленных подразделений (филиалов), человек;;;;;;;;;;;;
Сельское поселение;;;;;;;;;;;;
;10;7;6;7;7;9;7;9;8;8;10;10
Новый Бор;;;;;;;;;;;;
Численность обучающихся в общеобразовательных организациях с учетом обособленных подразделений (филиалов), человек;;;;;;;;;;;;
Сельское поселение;;;;;;;;;;;;
;156;147;132;124;123;122;129;115;116;107;93;82
Окунев Нос;;;;;;;;;;;;
Численность обучающихся в общеобразовательных организациях с учетом обособленных подразделений (филиалов), человек;;;;;;;;;;;;
Сельское поселение;;;;;;;;;;;;
;105;98;89;82;80;81;82;78;75;77;86;81
Замежная;;;;;;;;;;;;
Численность обучающихся в общеобразовательных организациях с учетом обособленных подразделений (филиалов), человек;;;;;;;;;;;;
Сельское поселение;;;;;;;;;;;;
;278;269;249;228;216;194;188;181;178;174;177;162
Уег;;;;;;;;;;;;
Численность обучающихся в общеобразовательных организациях с учетом обособленных подразделений (филиалов), человек;;;;;;;;;;;;
Сельское поселение;;;;;;;;;;;;
;17;15;11;8;8;5;6;6;9;7;5;5
Усть-Цильма;;;;;;;;;;;;
Численность обучающихся в общеобразовательных организациях с учетом обособленных подразделений (филиалов), человек;;;;;;;;;;;;
Сельское поселение;;;;;;;;;;;;
;885;875;811;803;788;761;727;749;788;799;776;829
Хабариха;;;;;;;;;;;;
Численность обучающихся в общеобразовательных организациях с учетом обособленных подразделений (филиалов), человек;;;;;;;;;;;;
Сельское поселение;;;;;;;;;;;;
;102;84;84;81;67;69;65;55;53;55;52;54
Трусово;;;;;;;;;;;;
Численность обучающихся в общеобразовательных организациях с учетом обособленных подразделений (филиалов), человек;;;;;;;;;;;;
Сельское поселение;;;;;;;;;;;;
;311;289;258;241;224;216;208;184;170;156;149;133
Городские округа Республики Коми;;;;;;;;;;;;
Сыктывкар;;;;;;;;;;;;
Численность обучающихся в общеобразовательных организациях с учетом обособленных подразделений (филиалов), человек;;;;;;;;;;;;
Городской округ, городской округ с внутригородским делением;;;;;;;;;;;;
;27568;27031;26763;26887;28561;27766;27968;28315;29987;30014;30152;32255
Воркута (до 1 января 2025 года);;;;;;;;;;;;
Численность обучающихся в общеобразовательных организациях с учетом обособленных подразделений (филиалов), человек;;;;;;;;;;;;
Городской округ, городской округ с внутригородским делением;;;;;;;;;;;;
;12814;11442;10858;10421;10014;9849;9674;9273;9666;9583;9431;9337
Вуктыл (до 1 января 2024 года);;;;;;;;;;;;
Численность обучающихся в общеобразовательных организациях с учетом обособленных подразделений (филиалов), человек;;;;;;;;;;;;
Городской округ, городской округ с внутригородским делением;;;;;;;;;;;;
;;;;;;;;;;;;1559
Инта (до 1 января 2025 года);;;;;;;;;;;;
Численность обучающихся в общеобразовательных организациях с учетом обособленных подразделений (филиалов), человек;;;;;;;;;;;;
Городской округ, городской округ с внутригородским делением;;;;;;;;;;;;
;4791;4496;4207;4017;3748;3677;3603;3440;3458;3494;3307;3353
Усинск (до 1 января 2024 года);;;;;;;;;;;;
Численность обучающихся в общеобразовательных организациях с учетом обособленных подразделений (филиалов), человек;;;;;;;;;;;;
Городской округ, городской округ с внутригородским делением;;;;;;;;;;;;
;6737;6270;5967;5887;5815;5837;5801;5779;5800;5865;5935;6012
Ухта (до 1 марта 2024 года);;;;;;;;;;;;
Численность обучающихся в общеобразовательных организациях с учетом обособленных подразделений (филиалов), человек;;;;;;;;;;;;
Городской округ, городской округ с внутригородским делением;;;;;;;;;;;;
;12856;11982;11725;11574;11559;11702;11789;11859;12166;13063;12696;12944
